system time,topic,qos,message content
2024-05-19T14:43:18.144484290,$SYS/broker/version,2,mosquitto version 2.0.18
2024-05-19T14:43:18.147140253,$SYS/broker/uptime,2,55 seconds
2024-05-19T14:43:18.149372422,$SYS/broker/clients/total,2,0
2024-05-19T14:43:18.150602804,$SYS/broker/clients/inactive,2,0
2024-05-19T14:43:18.151866256,$SYS/broker/clients/disconnected,2,0
2024-05-19T14:43:18.152648266,$SYS/broker/clients/active,2,0
2024-05-19T14:43:18.153801434,$SYS/broker/clients/connected,2,0
2024-05-19T14:43:18.154932500,$SYS/broker/clients/expired,2,0
2024-05-19T14:43:18.156042911,$SYS/broker/load/messages/received/1min,2,0.00
2024-05-19T14:43:18.157834531,$SYS/broker/load/messages/received/5min,2,0.00
2024-05-19T14:43:18.160636667,$SYS/broker/load/messages/received/15min,2,0.00
2024-05-19T14:43:18.161485720,$SYS/broker/load/messages/sent/1min,2,0.00
2024-05-19T14:43:18.162149530,$SYS/broker/load/messages/sent/5min,2,0.00
2024-05-19T14:43:18.162949460,$SYS/broker/load/messages/sent/15min,2,0.00
2024-05-19T14:43:18.163661943,$SYS/broker/load/publish/dropped/1min,2,0.00
2024-05-19T14:43:18.164114584,$SYS/broker/load/publish/dropped/5min,2,0.00
2024-05-19T14:43:18.165213198,$SYS/broker/load/publish/dropped/15min,2,0.00
2024-05-19T14:43:18.165767710,$SYS/broker/load/publish/received/1min,2,0.00
2024-05-19T14:43:18.166890759,$SYS/broker/load/publish/received/5min,2,0.00
2024-05-19T14:43:18.168164511,$SYS/broker/load/publish/received/15min,2,0.00
2024-05-19T14:43:18.170130878,$SYS/broker/load/publish/sent/1min,2,0.00
2024-05-19T14:43:18.170775824,$SYS/broker/load/publish/sent/5min,2,0.00
2024-05-19T14:43:18.171351487,$SYS/broker/load/publish/sent/15min,2,0.00
2024-05-19T14:43:18.172061603,$SYS/broker/load/bytes/received/1min,2,0.00
2024-05-19T14:43:18.173037076,$SYS/broker/load/bytes/received/5min,2,0.00
2024-05-19T14:43:18.173733399,$SYS/broker/load/bytes/received/15min,2,0.00
2024-05-19T14:43:18.174613038,$SYS/broker/load/bytes/sent/1min,2,0.00
2024-05-19T14:43:18.175408229,$SYS/broker/load/bytes/sent/5min,2,0.00
2024-05-19T14:43:18.176140593,$SYS/broker/load/bytes/sent/15min,2,0.00
2024-05-19T14:43:18.179142246,$SYS/broker/load/sockets/1min,2,0.00
2024-05-19T14:43:18.179882876,$SYS/broker/load/sockets/5min,2,0.00
2024-05-19T14:43:18.180992,$SYS/broker/load/sockets/15min,2,0.00
2024-05-19T14:43:18.182091063,$SYS/broker/load/connections/1min,2,0.00
2024-05-19T14:43:18.183089279,$SYS/broker/load/connections/5min,2,0.00
2024-05-19T14:43:18.183792594,$SYS/broker/load/connections/15min,2,0.00
2024-05-19T14:43:18.184474474,$SYS/broker/messages/stored,2,52
2024-05-19T14:43:18.185103375,$SYS/broker/messages/received,2,0
2024-05-19T14:43:18.185721132,$SYS/broker/messages/sent,2,0
2024-05-19T14:43:18.187075583,$SYS/broker/store/messages/count,2,52
2024-05-19T14:43:18.187542930,$SYS/broker/store/messages/bytes,2,178
2024-05-19T14:43:18.188000908,$SYS/broker/subscriptions/count,2,0
2024-05-19T14:43:18.189129357,$SYS/broker/shared_subscriptions/count,2,0
2024-05-19T14:43:18.189812257,$SYS/broker/retained messages/count,2,52
2024-05-19T14:43:18.190491794,$SYS/broker/heap/current,2,40136
2024-05-19T14:43:18.191089063,$SYS/broker/heap/maximum,2,40472
2024-05-19T14:43:18.191758169,$SYS/broker/publish/messages/dropped,2,0
2024-05-19T14:43:18.192414017,$SYS/broker/publish/messages/received,2,0
2024-05-19T14:43:18.193015766,$SYS/broker/publish/messages/sent,2,0
2024-05-19T14:43:18.226740658,$SYS/broker/publish/bytes/received,2,0
2024-05-19T14:43:18.228421625,$SYS/broker/publish/bytes/sent,2,0
2024-05-19T14:43:18.229347672,$SYS/broker/bytes/received,2,0
2024-05-19T14:43:18.230322252,$SYS/broker/bytes/sent,2,0
2024-05-19T14:43:18.376975556,$SYS/broker/uptime,2,66 seconds
2024-05-19T14:43:18.377729031,$SYS/broker/clients/total,2,1
2024-05-19T14:43:18.378528883,$SYS/broker/clients/maximum,2,1
2024-05-19T14:43:18.379476631,$SYS/broker/clients/active,2,1
2024-05-19T14:43:18.380201529,$SYS/broker/clients/connected,2,1
2024-05-19T14:43:18.381123049,$SYS/broker/load/messages/received/1min,2,96.85
2024-05-19T14:43:18.382020674,$SYS/broker/load/messages/sent/1min,2,101.42
2024-05-19T14:43:18.382713426,$SYS/broker/load/publish/sent/1min,2,52.08
2024-05-19T14:43:18.383463261,$SYS/broker/load/bytes/received/1min,2,427.61
2024-05-19T14:43:18.384396351,$SYS/broker/load/bytes/sent/1min,2,2323.51
2024-05-19T14:43:18.385374889,$SYS/broker/load/sockets/1min,2,0.91
2024-05-19T14:43:18.386541009,$SYS/broker/load/connections/1min,2,0.91
2024-05-19T14:43:18.387047609,$SYS/broker/load/messages/received/5min,2,20.82
2024-05-19T14:43:18.387459981,$SYS/broker/load/messages/sent/5min,2,21.80
2024-05-19T14:43:18.387812216,$SYS/broker/load/publish/sent/5min,2,11.19
2024-05-19T14:43:18.388372056,$SYS/broker/load/bytes/received/5min,2,91.90
2024-05-19T14:43:18.389669602,$SYS/broker/load/bytes/sent/5min,2,499.39
2024-05-19T14:43:18.390041772,$SYS/broker/load/sockets/5min,2,0.20
2024-05-19T14:43:18.390373468,$SYS/broker/load/connections/5min,2,0.20
2024-05-19T14:43:18.390915354,$SYS/broker/load/messages/received/15min,2,7.02
2024-05-19T14:43:18.391243286,$SYS/broker/load/messages/sent/15min,2,7.35
2024-05-19T14:43:18.391654575,$SYS/broker/load/publish/sent/15min,2,3.78
2024-05-19T14:43:18.392000116,$SYS/broker/load/bytes/received/15min,2,31.01
2024-05-19T14:43:18.392836697,$SYS/broker/load/bytes/sent/15min,2,168.50
2024-05-19T14:43:18.393932087,$SYS/broker/load/sockets/15min,2,0.07
2024-05-19T14:43:18.395508411,$SYS/broker/load/connections/15min,2,0.07
2024-05-19T14:43:18.396847977,$SYS/broker/messages/stored,2,53
2024-05-19T14:43:18.397293155,$SYS/broker/store/messages/count,2,53
2024-05-19T14:43:18.397670921,$SYS/broker/store/messages/bytes,2,197
2024-05-19T14:43:18.398049586,$SYS/broker/subscriptions/count,2,1
2024-05-19T14:43:18.438842477,$SYS/broker/retained messages/count,2,53
2024-05-19T14:43:18.440219974,$SYS/broker/heap/current,2,47264
2024-05-19T14:43:18.440726150,$SYS/broker/heap/maximum,2,47672
2024-05-19T14:43:18.441631232,$SYS/broker/messages/received,2,106
2024-05-19T14:43:18.442558764,$SYS/broker/messages/sent,2,126
2024-05-19T14:43:18.443373366,$SYS/broker/publish/messages/sent,2,72
2024-05-19T14:43:18.443990923,$SYS/broker/bytes/received,2,468
2024-05-19T14:43:18.444614857,$SYS/broker/bytes/sent,2,3224
2024-05-19T14:43:18.445221358,$SYS/broker/publish/bytes/sent,2,267
2024-05-19T14:43:29.375122841,$SYS/broker/uptime,2,77 seconds
2024-05-19T14:43:29.375987991,$SYS/broker/load/messages/received/1min,2,151.90
2024-05-19T14:43:29.376543146,$SYS/broker/load/messages/sent/1min,2,138.34
2024-05-19T14:43:29.378069221,$SYS/broker/load/publish/sent/1min,2,61.63
2024-05-19T14:43:29.378574433,$SYS/broker/load/bytes/received/1min,2,641.05
2024-05-19T14:43:29.379084588,$SYS/broker/load/bytes/sent/1min,2,2796.82
2024-05-19T14:43:29.379686354,$SYS/broker/load/sockets/1min,2,0.76
2024-05-19T14:43:29.380193496,$SYS/broker/load/connections/1min,2,0.76
2024-05-19T14:43:29.380672127,$SYS/broker/load/messages/received/5min,2,35.38
2024-05-19T14:43:29.381303948,$SYS/broker/load/messages/sent/5min,2,32.60
2024-05-19T14:43:29.381732838,$SYS/broker/load/publish/sent/5min,2,14.72
2024-05-19T14:43:29.382212369,$SYS/broker/load/bytes/received/5min,2,149.87
2024-05-19T14:43:29.382780968,$SYS/broker/load/bytes/sent/5min,2,666.79
2024-05-19T14:43:29.383305301,$SYS/broker/load/messages/received/15min,2,12.11
2024-05-19T14:43:29.383874356,$SYS/broker/load/messages/sent/15min,2,11.18
2024-05-19T14:43:29.384337811,$SYS/broker/load/publish/sent/15min,2,5.06
2024-05-19T14:43:29.384890628,$SYS/broker/load/bytes/received/15min,2,51.31
2024-05-19T14:43:29.385372385,$SYS/broker/load/bytes/sent/15min,2,229.00
2024-05-19T14:43:29.385907287,$SYS/broker/store/messages/bytes,2,213
2024-05-19T14:43:29.386598104,$SYS/broker/heap/current,2,46944
2024-05-19T14:43:29.423246051,$SYS/broker/heap/maximum,2,48416
2024-05-19T14:43:29.424498953,$SYS/broker/messages/received,2,184
2024-05-19T14:43:29.425365085,$SYS/broker/messages/sent,2,204
2024-05-19T14:43:29.425927397,$SYS/broker/publish/messages/sent,2,111
2024-05-19T14:43:29.426469227,$SYS/broker/bytes/received,2,780
2024-05-19T14:43:29.427076418,$SYS/broker/bytes/sent,2,5031
2024-05-19T14:43:29.427559463,$SYS/broker/publish/bytes/sent,2,440
2024-05-19T14:43:40.348328302,$SYS/broker/uptime,2,88 seconds
2024-05-19T14:43:40.349343204,$SYS/broker/load/messages/received/1min,2,175.79
2024-05-19T14:43:40.350146428,$SYS/broker/load/messages/sent/1min,2,147.14
2024-05-19T14:43:40.350915786,$SYS/broker/load/publish/sent/1min,2,58.62
2024-05-19T14:43:40.351693434,$SYS/broker/load/bytes/received/1min,2,731.02
2024-05-19T14:43:40.352807005,$SYS/broker/load/bytes/sent/1min,2,2691.06
2024-05-19T14:43:40.353698715,$SYS/broker/load/sockets/1min,2,0.63
2024-05-19T14:43:40.354342047,$SYS/broker/load/connections/1min,2,0.63
2024-05-19T14:43:40.355482675,$SYS/broker/load/messages/received/5min,2,44.71
2024-05-19T14:43:40.356819402,$SYS/broker/load/messages/sent/5min,2,38.30
2024-05-19T14:43:40.357679345,$SYS/broker/load/publish/sent/5min,2,15.76
2024-05-19T14:43:40.359304166,$SYS/broker/load/bytes/received/5min,2,186.89
2024-05-19T14:43:40.359690804,$SYS/broker/load/bytes/sent/5min,2,720.75
2024-05-19T14:43:40.360033321,$SYS/broker/load/messages/received/15min,2,15.54
2024-05-19T14:43:40.360354930,$SYS/broker/load/messages/sent/15min,2,13.36
2024-05-19T14:43:40.360678874,$SYS/broker/load/publish/sent/15min,2,5.52
2024-05-19T14:43:40.361114342,$SYS/broker/load/bytes/received/15min,2,65.00
2024-05-19T14:43:40.361585656,$SYS/broker/load/bytes/sent/15min,2,252.53
2024-05-19T14:43:40.362106647,$SYS/broker/store/messages/bytes,2,214
2024-05-19T14:43:40.362664908,$SYS/broker/messages/received,2,238
2024-05-19T14:43:40.399536651,$SYS/broker/messages/sent,2,258
2024-05-19T14:43:40.400873406,$SYS/broker/publish/messages/sent,2,138
2024-05-19T14:43:40.401481895,$SYS/broker/bytes/received,2,996
2024-05-19T14:43:40.402020482,$SYS/broker/bytes/sent,2,6294
2024-05-19T14:43:40.402366653,$SYS/broker/publish/bytes/sent,2,570
2024-05-19T14:43:51.330235035,$SYS/broker/uptime,2,99 seconds
2024-05-19T14:43:51.331460582,$SYS/broker/load/messages/received/1min,2,192.03
2024-05-19T14:43:51.332226018,$SYS/broker/load/messages/sent/1min,2,150.82
2024-05-19T14:43:51.333135298,$SYS/broker/load/publish/sent/1min,2,54.28
2024-05-19T14:43:51.333793082,$SYS/broker/load/bytes/received/1min,2,791.31
2024-05-19T14:43:51.334545203,$SYS/broker/load/bytes/sent/1min,2,2529.01
2024-05-19T14:43:51.335103036,$SYS/broker/load/sockets/1min,2,0.53
2024-05-19T14:43:51.335898912,$SYS/broker/load/connections/1min,2,0.53
2024-05-19T14:43:51.336373037,$SYS/broker/load/messages/received/5min,2,52.92
2024-05-19T14:43:51.336875266,$SYS/broker/load/messages/sent/5min,2,43.01
2024-05-19T14:43:51.337423510,$SYS/broker/load/publish/sent/5min,2,16.37
2024-05-19T14:43:51.337816425,$SYS/broker/load/bytes/received/5min,2,219.43
2024-05-19T14:43:51.338317113,$SYS/broker/load/bytes/sent/5min,2,756.85
2024-05-19T14:43:51.338832911,$SYS/broker/load/messages/received/15min,2,18.66
2024-05-19T14:43:51.339286744,$SYS/broker/load/messages/sent/15min,2,15.25
2024-05-19T14:43:51.339697175,$SYS/broker/load/publish/sent/15min,2,5.86
2024-05-19T14:43:51.340137023,$SYS/broker/load/bytes/received/15min,2,77.46
2024-05-19T14:43:51.340458990,$SYS/broker/load/bytes/sent/15min,2,270.40
2024-05-19T14:43:51.340752683,$SYS/broker/heap/current,2,46888
2024-05-19T14:43:51.341044250,$SYS/broker/messages/received,2,288
2024-05-19T14:43:51.379292631,$SYS/broker/messages/sent,2,308
2024-05-19T14:43:51.380376668,$SYS/broker/publish/messages/sent,2,163
2024-05-19T14:43:51.381070723,$SYS/broker/bytes/received,2,1196
2024-05-19T14:43:51.382098735,$SYS/broker/bytes/sent,2,7470
2024-05-19T14:43:51.382550113,$SYS/broker/publish/bytes/sent,2,694
2024-05-19T14:44:02.314080089,$SYS/broker/uptime,2,110 seconds
2024-05-19T14:44:02.315139578,$SYS/broker/load/messages/received/1min,2,205.55
2024-05-19T14:44:02.315791654,$SYS/broker/load/messages/sent/1min,2,153.88
2024-05-19T14:44:02.316454423,$SYS/broker/load/publish/sent/1min,2,50.67
2024-05-19T14:44:02.317013463,$SYS/broker/load/bytes/received/1min,2,841.49
2024-05-19T14:44:02.317965783,$SYS/broker/load/bytes/sent/1min,2,2395.93
2024-05-19T14:44:02.318455421,$SYS/broker/load/sockets/1min,2,0.44
2024-05-19T14:44:02.319135694,$SYS/broker/load/connections/1min,2,0.44
2024-05-19T14:44:02.319476813,$SYS/broker/load/messages/received/5min,2,60.84
2024-05-19T14:44:02.320087868,$SYS/broker/load/messages/sent/5min,2,47.55
2024-05-19T14:44:02.320680678,$SYS/broker/load/publish/sent/5min,2,16.96
2024-05-19T14:44:02.320986802,$SYS/broker/load/bytes/received/5min,2,250.81
2024-05-19T14:44:02.321308586,$SYS/broker/load/bytes/sent/5min,2,792.05
2024-05-19T14:44:02.321569218,$SYS/broker/load/messages/received/15min,2,21.75
2024-05-19T14:44:02.321818103,$SYS/broker/load/messages/sent/15min,2,17.12
2024-05-19T14:44:02.322225809,$SYS/broker/load/publish/sent/15min,2,6.18
2024-05-19T14:44:02.322489612,$SYS/broker/load/bytes/received/15min,2,89.77
2024-05-19T14:44:02.322770101,$SYS/broker/load/bytes/sent/15min,2,288.19
2024-05-19T14:44:02.323101232,$SYS/broker/store/messages/bytes,2,216
2024-05-19T14:44:02.323548227,$SYS/broker/heap/current,2,46944
2024-05-19T14:44:02.367298398,$SYS/broker/messages/received,2,338
2024-05-19T14:44:02.368532498,$SYS/broker/messages/sent,2,358
2024-05-19T14:44:02.368897934,$SYS/broker/publish/messages/sent,2,188
2024-05-19T14:44:02.369448434,$SYS/broker/bytes/received,2,1396
2024-05-19T14:44:02.369918447,$SYS/broker/bytes/sent,2,8651
2024-05-19T14:44:02.370400299,$SYS/broker/publish/bytes/sent,2,820
2024-05-19T14:44:13.293472018,$SYS/broker/uptime,2,121 seconds
2024-05-19T14:44:13.294417909,$SYS/broker/load/messages/received/1min,2,218.63
2024-05-19T14:44:13.294885353,$SYS/broker/load/messages/sent/1min,2,158.26
2024-05-19T14:44:13.295314772,$SYS/broker/load/publish/sent/1min,2,48.58
2024-05-19T14:44:13.295853959,$SYS/broker/load/bytes/received/1min,2,890.58
2024-05-19T14:44:13.297553187,$SYS/broker/load/bytes/sent/1min,2,2323.51
2024-05-19T14:44:13.298423214,$SYS/broker/load/sockets/1min,2,0.37
2024-05-19T14:44:13.298840391,$SYS/broker/load/connections/1min,2,0.37
2024-05-19T14:44:13.299861093,$SYS/broker/load/messages/received/5min,2,68.86
2024-05-19T14:44:13.300282350,$SYS/broker/load/messages/sent/5min,2,52.32
2024-05-19T14:44:13.300733042,$SYS/broker/load/publish/sent/5min,2,17.72
2024-05-19T14:44:13.301822833,$SYS/broker/load/bytes/received/5min,2,282.63
2024-05-19T14:44:13.302888767,$SYS/broker/load/bytes/sent/5min,2,834.23
2024-05-19T14:44:13.303855989,$SYS/broker/load/messages/received/15min,2,24.93
2024-05-19T14:44:13.304512867,$SYS/broker/load/messages/sent/15min,2,19.10
2024-05-19T14:44:13.305223228,$SYS/broker/load/publish/sent/15min,2,6.57
2024-05-19T14:44:13.306060109,$SYS/broker/load/bytes/received/15min,2,102.46
2024-05-19T14:44:13.306493102,$SYS/broker/load/bytes/sent/15min,2,308.54
2024-05-19T14:44:13.307268212,$SYS/broker/store/messages/bytes,2,217
2024-05-19T14:44:13.308304638,$SYS/broker/messages/received,2,390
2024-05-19T14:44:13.342655242,$SYS/broker/messages/sent,2,410
2024-05-19T14:44:13.344537673,$SYS/broker/publish/messages/sent,2,214
2024-05-19T14:44:13.345102241,$SYS/broker/bytes/received,2,1604
2024-05-19T14:44:13.345547922,$SYS/broker/bytes/sent,2,9878
2024-05-19T14:44:13.348057881,$SYS/broker/publish/bytes/sent,2,948
2024-05-19T14:44:24.376883936,$SYS/broker/uptime,2,132 seconds
2024-05-19T14:44:24.377611031,$SYS/broker/load/messages/received/1min,2,227.69
2024-05-19T14:44:24.378183904,$SYS/broker/load/messages/sent/1min,2,160.07
2024-05-19T14:44:24.378840376,$SYS/broker/load/publish/sent/1min,2,45.92
2024-05-19T14:44:24.379319904,$SYS/broker/load/bytes/received/1min,2,924.14
2024-05-19T14:44:24.379914448,$SYS/broker/load/bytes/sent/1min,2,2224.86
2024-05-19T14:44:24.380394472,$SYS/broker/load/sockets/1min,2,0.30
2024-05-19T14:44:24.381101881,$SYS/broker/load/connections/1min,2,0.30
2024-05-19T14:44:24.381612795,$SYS/broker/load/messages/received/5min,2,76.20
2024-05-19T14:44:24.382338291,$SYS/broker/load/messages/sent/5min,2,56.52
2024-05-19T14:44:24.382766983,$SYS/broker/load/publish/sent/5min,2,18.26
2024-05-19T14:44:24.383257846,$SYS/broker/load/bytes/received/5min,2,311.73
2024-05-19T14:44:24.383735526,$SYS/broker/load/bytes/sent/5min,2,866.65
2024-05-19T14:44:24.384284388,$SYS/broker/load/messages/received/15min,2,27.94
2024-05-19T14:44:24.384719106,$SYS/broker/load/messages/sent/15min,2,20.92
2024-05-19T14:44:24.385265288,$SYS/broker/load/publish/sent/15min,2,6.89
2024-05-19T14:44:24.385900321,$SYS/broker/load/bytes/received/15min,2,114.47
2024-05-19T14:44:24.386368950,$SYS/broker/load/bytes/sent/15min,2,325.86
2024-05-19T14:44:24.386826331,$SYS/broker/heap/current,2,46888
2024-05-19T14:44:24.387224498,$SYS/broker/messages/received,2,440
2024-05-19T14:44:24.422630701,$SYS/broker/messages/sent,2,460
2024-05-19T14:44:24.424379086,$SYS/broker/publish/messages/sent,2,239
2024-05-19T14:44:24.425255493,$SYS/broker/bytes/received,2,1804
2024-05-19T14:44:24.425674884,$SYS/broker/bytes/sent,2,11057
2024-05-19T14:44:24.426158177,$SYS/broker/publish/bytes/sent,2,1075
2024-05-19T14:44:35.345383017,$SYS/broker/uptime,2,143 seconds
2024-05-19T14:44:35.348504710,$SYS/broker/load/messages/received/1min,2,235.23
2024-05-19T14:44:35.349193541,$SYS/broker/load/messages/sent/1min,2,161.58
2024-05-19T14:44:35.351745206,$SYS/broker/load/publish/sent/1min,2,43.71
2024-05-19T14:44:35.352650731,$SYS/broker/load/bytes/received/1min,2,952.07
2024-05-19T14:44:35.354837585,$SYS/broker/load/bytes/sent/1min,2,2144.55
2024-05-19T14:44:35.357364577,$SYS/broker/load/sockets/1min,2,0.25
2024-05-19T14:44:35.358531698,$SYS/broker/load/connections/1min,2,0.25
2024-05-19T14:44:35.359691367,$SYS/broker/load/messages/received/5min,2,83.27
2024-05-19T14:44:35.361055127,$SYS/broker/load/messages/sent/5min,2,60.57
2024-05-19T14:44:35.361697482,$SYS/broker/load/publish/sent/5min,2,18.78
2024-05-19T14:44:35.362584141,$SYS/broker/load/bytes/received/5min,2,339.78
2024-05-19T14:44:35.363053839,$SYS/broker/load/bytes/sent/5min,2,898.28
2024-05-19T14:44:35.363529912,$SYS/broker/load/messages/received/15min,2,30.91
2024-05-19T14:44:35.363971258,$SYS/broker/load/messages/sent/15min,2,22.72
2024-05-19T14:44:35.365309862,$SYS/broker/load/publish/sent/15min,2,7.20
2024-05-19T14:44:35.365804237,$SYS/broker/load/bytes/received/15min,2,126.33
2024-05-19T14:44:35.366391351,$SYS/broker/load/bytes/sent/15min,2,343.11
2024-05-19T14:44:35.366815273,$SYS/broker/store/messages/bytes,2,219
2024-05-19T14:44:35.368313410,$SYS/broker/heap/current,2,46944
2024-05-19T14:44:35.403790446,$SYS/broker/messages/received,2,490
2024-05-19T14:44:35.404780785,$SYS/broker/messages/sent,2,510
2024-05-19T14:44:35.405131987,$SYS/broker/publish/messages/sent,2,264
2024-05-19T14:44:35.405472054,$SYS/broker/bytes/received,2,2004
2024-05-19T14:44:35.405742368,$SYS/broker/bytes/sent,2,12241
2024-05-19T14:44:35.406103676,$SYS/broker/publish/bytes/sent,2,1204
2024-05-19T14:44:46.327672217,$SYS/broker/uptime,2,154 seconds
2024-05-19T14:44:46.328637495,$SYS/broker/load/messages/received/1min,2,243.34
2024-05-19T14:44:46.329639455,$SYS/broker/load/messages/sent/1min,2,164.67
2024-05-19T14:44:46.331017481,$SYS/broker/load/publish/sent/1min,2,42.79
2024-05-19T14:44:46.331924880,$SYS/broker/load/bytes/received/1min,2,982.64
2024-05-19T14:44:46.334676695,$SYS/broker/load/bytes/sent/1min,2,2116.07
2024-05-19T14:44:46.335466251,$SYS/broker/load/sockets/1min,2,0.21
2024-05-19T14:44:46.336199522,$SYS/broker/load/connections/1min,2,0.21
2024-05-19T14:44:46.337288724,$SYS/broker/load/messages/received/5min,2,90.49
2024-05-19T14:44:46.338027827,$SYS/broker/load/messages/sent/5min,2,64.87
2024-05-19T14:44:46.339060035,$SYS/broker/load/publish/sent/5min,2,19.48
2024-05-19T14:44:46.339764821,$SYS/broker/load/bytes/received/5min,2,368.39
2024-05-19T14:44:46.340277936,$SYS/broker/load/bytes/sent/5min,2,937.03
2024-05-19T14:44:46.357687160,$SYS/broker/load/messages/received/15min,2,33.98
2024-05-19T14:44:46.358366147,$SYS/broker/load/messages/sent/15min,2,24.63
2024-05-19T14:44:46.358839624,$SYS/broker/load/publish/sent/15min,2,7.58
2024-05-19T14:44:46.359462273,$SYS/broker/load/bytes/received/15min,2,138.58
2024-05-19T14:44:46.359885643,$SYS/broker/load/bytes/sent/15min,2,362.92
2024-05-19T14:44:46.360327873,$SYS/broker/heap/current,2,46888
2024-05-19T14:44:46.360704108,$SYS/broker/messages/received,2,542
2024-05-19T14:44:46.379312574,$SYS/broker/messages/sent,2,562
2024-05-19T14:44:46.380131607,$SYS/broker/publish/messages/sent,2,290
2024-05-19T14:44:46.380555237,$SYS/broker/bytes/received,2,2212
2024-05-19T14:44:46.380857300,$SYS/broker/bytes/sent,2,13464
2024-05-19T14:44:46.381140282,$SYS/broker/publish/bytes/sent,2,1336
2024-05-19T14:44:57.304836993,$SYS/broker/uptime,2,165 seconds
2024-05-19T14:44:57.305375006,$SYS/broker/load/messages/received/1min,2,248.26
2024-05-19T14:44:57.306238833,$SYS/broker/load/messages/sent/1min,2,165.41
2024-05-19T14:44:57.307977190,$SYS/broker/load/publish/sent/1min,2,41.10
2024-05-19T14:44:57.308676920,$SYS/broker/load/bytes/received/1min,2,1000.78
2024-05-19T14:44:57.309333169,$SYS/broker/load/bytes/sent/1min,2,2053.99
2024-05-19T14:44:57.311441562,$SYS/broker/load/sockets/1min,2,0.18
2024-05-19T14:44:57.311765027,$SYS/broker/load/connections/1min,2,0.18
2024-05-19T14:44:57.312129932,$SYS/broker/load/messages/received/5min,2,97.05
2024-05-19T14:44:57.312657093,$SYS/broker/load/messages/sent/5min,2,68.62
2024-05-19T14:44:57.313085111,$SYS/broker/load/publish/sent/5min,2,19.96
2024-05-19T14:44:57.313434199,$SYS/broker/load/bytes/received/5min,2,394.41
2024-05-19T14:44:57.313749052,$SYS/broker/load/bytes/sent/5min,2,966.14
2024-05-19T14:44:57.314122775,$SYS/broker/load/messages/received/15min,2,36.88
2024-05-19T14:44:57.314528387,$SYS/broker/load/messages/sent/15min,2,26.39
2024-05-19T14:44:57.314863212,$SYS/broker/load/publish/sent/15min,2,7.88
2024-05-19T14:44:57.315191597,$SYS/broker/load/bytes/received/15min,2,150.15
2024-05-19T14:44:57.315537568,$SYS/broker/load/bytes/sent/15min,2,379.72
2024-05-19T14:44:57.315989217,$SYS/broker/store/messages/bytes,2,220
2024-05-19T14:44:57.317404061,$SYS/broker/heap/current,2,46944
2024-05-19T14:44:57.355905429,$SYS/broker/messages/received,2,592
2024-05-19T14:44:57.357181506,$SYS/broker/messages/sent,2,612
2024-05-19T14:44:57.358003955,$SYS/broker/publish/messages/sent,2,315
2024-05-19T14:44:57.358874080,$SYS/broker/bytes/received,2,2412
2024-05-19T14:44:57.360025237,$SYS/broker/bytes/sent,2,14649
2024-05-19T14:44:57.361259799,$SYS/broker/publish/bytes/sent,2,1466
2024-05-19T14:45:08.384839425,$SYS/broker/uptime,2,176 seconds
2024-05-19T14:45:08.385784099,$SYS/broker/load/messages/received/1min,2,254.19
2024-05-19T14:45:08.386327163,$SYS/broker/load/messages/sent/1min,2,167.85
2024-05-19T14:45:08.386793847,$SYS/broker/load/publish/sent/1min,2,40.61
2024-05-19T14:45:08.388077050,$SYS/broker/load/bytes/received/1min,2,1023.18
2024-05-19T14:45:08.388483306,$SYS/broker/load/bytes/sent/1min,2,2040.68
2024-05-19T14:45:08.388799563,$SYS/broker/load/sockets/1min,2,0.15
2024-05-19T14:45:08.389273591,$SYS/broker/load/connections/1min,2,0.15
2024-05-19T14:45:08.389737704,$SYS/broker/load/messages/received/5min,2,103.77
2024-05-19T14:45:08.390264325,$SYS/broker/load/messages/sent/5min,2,72.63
2024-05-19T14:45:08.390931520,$SYS/broker/load/publish/sent/5min,2,20.62
2024-05-19T14:45:08.391524728,$SYS/broker/load/bytes/received/5min,2,421.05
2024-05-19T14:45:08.392003513,$SYS/broker/load/bytes/sent/5min,2,1002.44
2024-05-19T14:45:08.393354862,$SYS/broker/load/messages/received/15min,2,39.88
2024-05-19T14:45:08.393938282,$SYS/broker/load/messages/sent/15min,2,28.25
2024-05-19T14:45:08.394551428,$SYS/broker/load/publish/sent/15min,2,8.25
2024-05-19T14:45:08.394957641,$SYS/broker/load/bytes/received/15min,2,162.11
2024-05-19T14:45:08.395440154,$SYS/broker/load/bytes/sent/15min,2,399.09
2024-05-19T14:45:08.395853506,$SYS/broker/store/messages/bytes,2,222
2024-05-19T14:45:08.396426204,$SYS/broker/messages/received,2,644
2024-05-19T14:45:08.434638698,$SYS/broker/messages/sent,2,664
2024-05-19T14:45:08.440108538,$SYS/broker/publish/messages/sent,2,341
2024-05-19T14:45:08.440693713,$SYS/broker/bytes/received,2,2620
2024-05-19T14:45:08.441060781,$SYS/broker/bytes/sent,2,15881
2024-05-19T14:45:08.441361877,$SYS/broker/publish/bytes/sent,2,1599
2024-05-19T14:45:19.375044154,$SYS/broker/uptime,2,187 seconds
2024-05-19T14:45:19.378456104,$SYS/broker/load/messages/received/1min,2,257.29
2024-05-19T14:45:19.379483727,$SYS/broker/load/messages/sent/1min,2,168.06
2024-05-19T14:45:19.383409774,$SYS/broker/load/publish/sent/1min,2,39.29
2024-05-19T14:45:19.386491521,$SYS/broker/load/bytes/received/1min,2,1034.53
2024-05-19T14:45:19.388981322,$SYS/broker/load/bytes/sent/1min,2,1991.23
2024-05-19T14:45:19.389987014,$SYS/broker/load/sockets/1min,2,0.12
2024-05-19T14:45:19.391514241,$SYS/broker/load/connections/1min,2,0.12
2024-05-19T14:45:19.392148022,$SYS/broker/load/messages/received/5min,2,109.85
2024-05-19T14:45:19.392906828,$SYS/broker/load/messages/sent/5min,2,76.11
2024-05-19T14:45:19.393547233,$SYS/broker/load/publish/sent/5min,2,21.05
2024-05-19T14:45:19.394138086,$SYS/broker/load/bytes/received/5min,2,445.17
2024-05-19T14:45:19.394793899,$SYS/broker/load/bytes/sent/5min,2,1029.19
2024-05-19T14:45:19.395385031,$SYS/broker/load/messages/received/15min,2,42.71
2024-05-19T14:45:19.396008071,$SYS/broker/load/messages/sent/15min,2,29.96
2024-05-19T14:45:19.396605958,$SYS/broker/load/publish/sent/15min,2,8.55
2024-05-19T14:45:19.397079921,$SYS/broker/load/bytes/received/15min,2,173.39
2024-05-19T14:45:19.397590457,$SYS/broker/load/bytes/sent/15min,2,415.45
2024-05-19T14:45:19.398064659,$SYS/broker/heap/current,2,46888
2024-05-19T14:45:19.398688015,$SYS/broker/messages/received,2,694
2024-05-19T14:45:19.435031899,$SYS/broker/messages/sent,2,714
2024-05-19T14:45:19.436949551,$SYS/broker/publish/messages/sent,2,366
2024-05-19T14:45:19.437492328,$SYS/broker/bytes/received,2,2820
2024-05-19T14:45:19.438485925,$SYS/broker/bytes/sent,2,17065
2024-05-19T14:45:19.438976096,$SYS/broker/publish/bytes/sent,2,1731
2024-05-19T14:45:30.365708015,$SYS/broker/uptime,2,198 seconds
2024-05-19T14:45:30.367804626,$SYS/broker/load/messages/received/1min,2,259.88
2024-05-19T14:45:30.370055965,$SYS/broker/load/messages/sent/1min,2,168.23
2024-05-19T14:45:30.371092057,$SYS/broker/load/publish/sent/1min,2,38.19
2024-05-19T14:45:30.372033080,$SYS/broker/load/bytes/received/1min,2,1043.97
2024-05-19T14:45:30.373211722,$SYS/broker/load/bytes/sent/1min,2,1950.06
2024-05-19T14:45:30.374102541,$SYS/broker/load/sockets/1min,2,0.10
2024-05-19T14:45:30.374866886,$SYS/broker/load/connections/1min,2,0.10
2024-05-19T14:45:30.375603114,$SYS/broker/load/messages/received/5min,2,115.71
2024-05-19T14:45:30.376259949,$SYS/broker/load/messages/sent/5min,2,79.45
2024-05-19T14:45:30.376738756,$SYS/broker/load/publish/sent/5min,2,21.47
2024-05-19T14:45:30.377178843,$SYS/broker/load/bytes/received/5min,2,468.42
2024-05-19T14:45:30.377755547,$SYS/broker/load/bytes/sent/5min,2,1054.98
2024-05-19T14:45:30.378098613,$SYS/broker/load/messages/received/15min,2,45.50
2024-05-19T14:45:30.378687456,$SYS/broker/load/messages/sent/15min,2,31.65
2024-05-19T14:45:30.379224305,$SYS/broker/load/publish/sent/15min,2,8.84
2024-05-19T14:45:30.379822111,$SYS/broker/load/bytes/received/15min,2,184.53
2024-05-19T14:45:30.380185869,$SYS/broker/load/bytes/sent/15min,2,431.61
2024-05-19T14:45:30.380625009,$SYS/broker/messages/received,2,744
2024-05-19T14:45:30.381153044,$SYS/broker/messages/sent,2,763
2024-05-19T14:45:30.419283454,$SYS/broker/publish/messages/sent,2,391
2024-05-19T14:45:30.420409509,$SYS/broker/bytes/received,2,3020
2024-05-19T14:45:30.420855714,$SYS/broker/bytes/sent,2,18248
2024-05-19T14:45:30.421201458,$SYS/broker/publish/bytes/sent,2,1861
2024-05-19T14:45:41.341928045,$SYS/broker/uptime,2,209 seconds
2024-05-19T14:45:41.342813861,$SYS/broker/load/messages/received/1min,2,260.20
2024-05-19T14:45:41.343513812,$SYS/broker/load/messages/sent/1min,2,167.46
2024-05-19T14:45:41.344193894,$SYS/broker/load/publish/sent/1min,2,36.36
2024-05-19T14:45:41.344949689,$SYS/broker/load/bytes/received/1min,2,1044.53
2024-05-19T14:45:41.345671233,$SYS/broker/load/bytes/sent/1min,2,1881.07
2024-05-19T14:45:41.346542275,$SYS/broker/load/sockets/1min,2,0.08
2024-05-19T14:45:41.347555575,$SYS/broker/load/connections/1min,2,0.08
2024-05-19T14:45:41.348329501,$SYS/broker/load/messages/received/5min,2,120.97
2024-05-19T14:45:41.349141816,$SYS/broker/load/messages/sent/5min,2,82.49
2024-05-19T14:45:41.349909176,$SYS/broker/load/publish/sent/5min,2,21.68
2024-05-19T14:45:41.350532428,$SYS/broker/load/bytes/received/5min,2,489.26
2024-05-19T14:45:41.351186935,$SYS/broker/load/bytes/sent/5min,2,1072.38
2024-05-19T14:45:41.351842311,$SYS/broker/load/messages/received/15min,2,48.13
2024-05-19T14:45:41.352633367,$SYS/broker/load/messages/sent/15min,2,33.26
2024-05-19T14:45:41.353165542,$SYS/broker/load/publish/sent/15min,2,9.07
2024-05-19T14:45:41.353652244,$SYS/broker/load/bytes/received/15min,2,195.01
2024-05-19T14:45:41.354168374,$SYS/broker/load/bytes/sent/15min,2,445.05
2024-05-19T14:45:41.354742232,$SYS/broker/messages/received,2,792
2024-05-19T14:45:41.355230238,$SYS/broker/messages/sent,2,811
2024-05-19T14:45:41.391047384,$SYS/broker/publish/messages/sent,2,415
2024-05-19T14:45:41.391889091,$SYS/broker/bytes/received,2,3212
2024-05-19T14:45:41.392393782,$SYS/broker/bytes/sent,2,19393
2024-05-19T14:45:41.392740074,$SYS/broker/publish/bytes/sent,2,1988
2024-05-19T14:45:52.328457956,$SYS/broker/uptime,2,220 seconds
2024-05-19T14:45:52.329586531,$SYS/broker/load/messages/received/1min,2,260.47
2024-05-19T14:45:52.332524383,$SYS/broker/load/messages/sent/1min,2,166.82
2024-05-19T14:45:52.333560961,$SYS/broker/load/publish/sent/1min,2,34.84
2024-05-19T14:45:52.334555322,$SYS/broker/load/bytes/received/1min,2,1044.99
2024-05-19T14:45:52.335217676,$SYS/broker/load/bytes/sent/1min,2,1823.63
2024-05-19T14:45:52.335920049,$SYS/broker/load/sockets/1min,2,0.07
2024-05-19T14:45:52.336512766,$SYS/broker/load/connections/1min,2,0.07
2024-05-19T14:45:52.337153682,$SYS/broker/load/messages/received/5min,2,126.04
2024-05-19T14:45:52.337679106,$SYS/broker/load/messages/sent/5min,2,85.41
2024-05-19T14:45:52.338246251,$SYS/broker/load/publish/sent/5min,2,21.88
2024-05-19T14:45:52.338904503,$SYS/broker/load/bytes/received/5min,2,509.35
2024-05-19T14:45:52.339643025,$SYS/broker/load/bytes/sent/5min,2,1089.15
2024-05-19T14:45:52.340067718,$SYS/broker/load/messages/received/15min,2,50.73
2024-05-19T14:45:52.340465827,$SYS/broker/load/messages/sent/15min,2,34.84
2024-05-19T14:45:52.341159165,$SYS/broker/load/publish/sent/15min,2,9.29
2024-05-19T14:45:52.342183733,$SYS/broker/load/bytes/received/15min,2,205.37
2024-05-19T14:45:52.342701753,$SYS/broker/load/bytes/sent/15min,2,458.33
2024-05-19T14:45:52.343123611,$SYS/broker/messages/received,2,840
2024-05-19T14:45:52.343742761,$SYS/broker/messages/sent,2,859
2024-05-19T14:45:52.379030483,$SYS/broker/publish/messages/sent,2,439
2024-05-19T14:45:52.379909201,$SYS/broker/bytes/received,2,3404
2024-05-19T14:45:52.380213534,$SYS/broker/bytes/sent,2,20538
2024-05-19T14:45:52.380519844,$SYS/broker/publish/bytes/sent,2,2115
2024-05-19T14:46:03.303256822,$SYS/broker/uptime,2,231 seconds
2024-05-19T14:46:03.304644658,$SYS/broker/load/messages/received/1min,2,260.70
2024-05-19T14:46:03.305186673,$SYS/broker/load/messages/sent/1min,2,166.29
2024-05-19T14:46:03.305533672,$SYS/broker/load/publish/sent/1min,2,33.57
2024-05-19T14:46:03.305804237,$SYS/broker/load/bytes/received/1min,2,1045.37
2024-05-19T14:46:03.306706614,$SYS/broker/load/bytes/sent/1min,2,1775.82
2024-05-19T14:46:03.307095877,$SYS/broker/load/sockets/1min,2,0.06
2024-05-19T14:46:03.307512164,$SYS/broker/load/connections/1min,2,0.06
2024-05-19T14:46:03.308017487,$SYS/broker/load/messages/received/5min,2,130.93
2024-05-19T14:46:03.308420746,$SYS/broker/load/messages/sent/5min,2,88.22
2024-05-19T14:46:03.309157307,$SYS/broker/load/publish/sent/5min,2,22.08
2024-05-19T14:46:03.309789042,$SYS/broker/load/bytes/received/5min,2,528.71
2024-05-19T14:46:03.310298387,$SYS/broker/load/bytes/sent/5min,2,1105.31
2024-05-19T14:46:03.310738585,$SYS/broker/load/messages/received/15min,2,53.29
2024-05-19T14:46:03.311142736,$SYS/broker/load/messages/sent/15min,2,36.40
2024-05-19T14:46:03.312179580,$SYS/broker/load/publish/sent/15min,2,9.51
2024-05-19T14:46:03.312628774,$SYS/broker/load/bytes/received/15min,2,215.59
2024-05-19T14:46:03.313462906,$SYS/broker/load/bytes/sent/15min,2,471.45
2024-05-19T14:46:03.314082868,$SYS/broker/messages/received,2,888
2024-05-19T14:46:03.314548271,$SYS/broker/messages/sent,2,907
2024-05-19T14:46:03.351260804,$SYS/broker/publish/messages/sent,2,463
2024-05-19T14:46:03.352400098,$SYS/broker/bytes/received,2,3596
2024-05-19T14:46:03.352880375,$SYS/broker/bytes/sent,2,21683
2024-05-19T14:46:03.353563028,$SYS/broker/publish/bytes/sent,2,2242
2024-05-19T14:46:14.380787721,$SYS/broker/uptime,2,242 seconds
2024-05-19T14:46:14.381422296,$SYS/broker/load/messages/received/1min,2,260.89
2024-05-19T14:46:14.382328515,$SYS/broker/load/messages/sent/1min,2,165.84
2024-05-19T14:46:14.382784816,$SYS/broker/load/publish/sent/1min,2,32.52
2024-05-19T14:46:14.383918191,$SYS/broker/load/bytes/received/1min,2,1045.69
2024-05-19T14:46:14.384495872,$SYS/broker/load/bytes/sent/1min,2,1736.01
2024-05-19T14:46:14.385072143,$SYS/broker/load/messages/received/5min,2,135.64
2024-05-19T14:46:14.387518696,$SYS/broker/load/messages/sent/5min,2,90.94
2024-05-19T14:46:14.388278484,$SYS/broker/load/publish/sent/5min,2,22.26
2024-05-19T14:46:14.388858352,$SYS/broker/load/bytes/received/5min,2,547.38
2024-05-19T14:46:14.391709691,$SYS/broker/load/bytes/sent/5min,2,1120.90
2024-05-19T14:46:14.392293312,$SYS/broker/load/messages/received/15min,2,55.83
2024-05-19T14:46:14.393969732,$SYS/broker/load/messages/sent/15min,2,37.95
2024-05-19T14:46:14.394562720,$SYS/broker/load/publish/sent/15min,2,9.72
2024-05-19T14:46:14.394987510,$SYS/broker/load/bytes/received/15min,2,225.70
2024-05-19T14:46:14.395634653,$SYS/broker/load/bytes/sent/15min,2,484.40
2024-05-19T14:46:14.396008682,$SYS/broker/heap/current,2,46776
2024-05-19T14:46:14.396575741,$SYS/broker/messages/received,2,936
2024-05-19T14:46:14.397028756,$SYS/broker/messages/sent,2,954
2024-05-19T14:46:14.397480839,$SYS/broker/publish/messages/sent,2,486
2024-05-19T14:46:14.426944930,$SYS/broker/bytes/received,2,3788
2024-05-19T14:46:14.427883665,$SYS/broker/bytes/sent,2,22823
2024-05-19T14:46:14.428289567,$SYS/broker/publish/bytes/sent,2,2369
2024-05-19T14:46:25.357666628,$SYS/broker/uptime,2,253 seconds
2024-05-19T14:46:25.358655617,$SYS/broker/load/messages/received/1min,2,259.22
2024-05-19T14:46:25.359334331,$SYS/broker/load/messages/sent/1min,2,164.56
2024-05-19T14:46:25.359752148,$SYS/broker/load/publish/sent/1min,2,31.64
2024-05-19T14:46:25.360535665,$SYS/broker/load/bytes/received/1min,2,1038.64
2024-05-19T14:46:25.361269479,$SYS/broker/load/bytes/sent/1min,2,1660.84
2024-05-19T14:46:25.362451085,$SYS/broker/load/messages/received/5min,2,139.79
2024-05-19T14:46:25.363363340,$SYS/broker/load/messages/sent/5min,2,93.36
2024-05-19T14:46:25.365220052,$SYS/broker/load/publish/sent/5min,2,22.44
2024-05-19T14:46:25.366735432,$SYS/broker/load/bytes/received/5min,2,563.81
2024-05-19T14:46:25.368571585,$SYS/broker/load/bytes/sent/5min,2,1126.89
2024-05-19T14:46:25.369281607,$SYS/broker/load/messages/received/15min,2,58.19
2024-05-19T14:46:25.370339490,$SYS/broker/load/messages/sent/15min,2,39.41
2024-05-19T14:46:25.370860727,$SYS/broker/load/publish/sent/15min,2,9.94
2024-05-19T14:46:25.371274795,$SYS/broker/load/bytes/received/15min,2,235.15
2024-05-19T14:46:25.372234239,$SYS/broker/load/bytes/sent/15min,2,494.16
2024-05-19T14:46:25.372995238,$SYS/broker/messages/received,2,982
2024-05-19T14:46:25.373584061,$SYS/broker/messages/sent,2,999
2024-05-19T14:46:25.373971232,$SYS/broker/publish/messages/sent,2,508
2024-05-19T14:46:25.374842792,$SYS/broker/bytes/received,2,3972
2024-05-19T14:46:25.403043042,$SYS/broker/bytes/sent,2,23918
2024-05-19T14:46:25.404852635,$SYS/broker/publish/bytes/sent,2,2492
2024-05-19T14:46:36.291538532,$SYS/broker/uptime,2,264 seconds
2024-05-19T14:46:36.292393591,$SYS/broker/load/messages/received/1min,2,256.00
2024-05-19T14:46:36.294062624,$SYS/broker/load/messages/sent/1min,2,162.58
2024-05-19T14:46:36.295694923,$SYS/broker/load/publish/sent/1min,2,30.91
2024-05-19T14:46:36.296224580,$SYS/broker/load/bytes/received/1min,2,1025.47
2024-05-19T14:46:36.299368703,$SYS/broker/load/bytes/sent/1min,2,1561.72
2024-05-19T14:46:36.300655286,$SYS/broker/load/messages/received/5min,2,143.40
2024-05-19T14:46:36.301747635,$SYS/broker/load/messages/sent/5min,2,95.50
2024-05-19T14:46:36.302690408,$SYS/broker/load/publish/sent/5min,2,22.62
2024-05-19T14:46:36.303059474,$SYS/broker/load/bytes/received/5min,2,578.07
2024-05-19T14:46:36.303777552,$SYS/broker/load/bytes/sent/5min,2,1124.81
2024-05-19T14:46:36.304191705,$SYS/broker/load/messages/received/15min,2,60.40
2024-05-19T14:46:36.305021289,$SYS/broker/load/messages/sent/15min,2,40.79
2024-05-19T14:46:36.305395316,$SYS/broker/load/publish/sent/15min,2,10.15
2024-05-19T14:46:36.306320502,$SYS/broker/load/bytes/received/15min,2,243.95
2024-05-19T14:46:36.306925886,$SYS/broker/load/bytes/sent/15min,2,501.14
2024-05-19T14:46:36.307500305,$SYS/broker/store/messages/bytes,2,223
2024-05-19T14:46:36.307814566,$SYS/broker/heap/current,2,46832
2024-05-19T14:46:36.308474661,$SYS/broker/messages/received,2,1026
2024-05-19T14:46:36.308717476,$SYS/broker/messages/sent,2,1045
2024-05-19T14:46:36.343123658,$SYS/broker/publish/messages/sent,2,532
2024-05-19T14:46:36.344322838,$SYS/broker/bytes/received,2,4148
2024-05-19T14:46:36.345129691,$SYS/broker/bytes/sent,2,24974
2024-05-19T14:46:36.345565992,$SYS/broker/publish/bytes/sent,2,2615
2024-05-19T14:46:47.365201728,$SYS/broker/uptime,2,275 seconds
2024-05-19T14:46:47.365789913,$SYS/broker/load/messages/received/1min,2,256.97
2024-05-19T14:46:47.367281240,$SYS/broker/load/messages/sent/1min,2,162.76
2024-05-19T14:46:47.367637096,$SYS/broker/load/publish/sent/1min,2,30.30
2024-05-19T14:46:47.368099650,$SYS/broker/load/bytes/received/1min,2,1029.12
2024-05-19T14:46:47.368574891,$SYS/broker/load/bytes/sent/1min,2,1557.78
2024-05-19T14:46:47.369491276,$SYS/broker/load/messages/received/5min,2,147.67
2024-05-19T14:46:47.370005625,$SYS/broker/load/messages/sent/5min,2,97.95
2024-05-19T14:46:47.370466145,$SYS/broker/load/publish/sent/5min,2,22.78
2024-05-19T14:46:47.371015521,$SYS/broker/load/bytes/received/5min,2,594.97
2024-05-19T14:46:47.371997797,$SYS/broker/load/bytes/sent/5min,2,1139.69
2024-05-19T14:46:47.372543250,$SYS/broker/load/messages/received/15min,2,62.85
2024-05-19T14:46:47.373071305,$SYS/broker/load/messages/sent/15min,2,42.28
2024-05-19T14:46:47.373580953,$SYS/broker/load/publish/sent/15min,2,10.35
2024-05-19T14:46:47.373966093,$SYS/broker/load/bytes/received/15min,2,253.71
2024-05-19T14:46:47.374500280,$SYS/broker/load/bytes/sent/15min,2,513.74
2024-05-19T14:46:47.374925392,$SYS/broker/store/messages/bytes,2,225
2024-05-19T14:46:47.375298014,$SYS/broker/messages/received,2,1074
2024-05-19T14:46:47.375654835,$SYS/broker/messages/sent,2,1092
2024-05-19T14:46:47.376064454,$SYS/broker/publish/messages/sent,2,555
2024-05-19T14:46:47.411163980,$SYS/broker/bytes/received,2,4340
2024-05-19T14:46:47.411914281,$SYS/broker/bytes/sent,2,26123
2024-05-19T14:46:47.412166204,$SYS/broker/publish/bytes/sent,2,2743
2024-05-19T14:46:58.332542141,$SYS/broker/uptime,2,286 seconds
2024-05-19T14:46:58.332929582,$SYS/broker/load/messages/received/1min,2,255.96
2024-05-19T14:46:58.333515335,$SYS/broker/load/messages/sent/1min,2,161.99
2024-05-19T14:46:58.334001723,$SYS/broker/load/publish/sent/1min,2,29.79
2024-05-19T14:46:58.334412112,$SYS/broker/load/bytes/received/1min,2,1024.85
2024-05-19T14:46:58.334702327,$SYS/broker/load/bytes/sent/1min,2,1512.46
2024-05-19T14:46:58.334869995,$SYS/broker/load/messages/received/5min,2,151.38
2024-05-19T14:46:58.335045166,$SYS/broker/load/messages/sent/5min,2,100.12
2024-05-19T14:46:58.335256925,$SYS/broker/load/publish/sent/5min,2,22.95
2024-05-19T14:46:58.335507404,$SYS/broker/load/bytes/received/5min,2,609.68
2024-05-19T14:46:58.335670220,$SYS/broker/load/bytes/sent/5min,2,1145.00
2024-05-19T14:46:58.335823290,$SYS/broker/load/messages/received/15min,2,65.13
2024-05-19T14:46:58.336004155,$SYS/broker/load/messages/sent/15min,2,43.69
2024-05-19T14:46:58.336252818,$SYS/broker/load/publish/sent/15min,2,10.56
2024-05-19T14:46:58.336505764,$SYS/broker/load/bytes/received/15min,2,262.82
2024-05-19T14:46:58.336751802,$SYS/broker/load/bytes/sent/15min,2,523.14
2024-05-19T14:46:58.336999750,$SYS/broker/store/messages/bytes,2,226
2024-05-19T14:46:58.337355134,$SYS/broker/messages/received,2,1120
2024-05-19T14:46:58.337556453,$SYS/broker/messages/sent,2,1138
2024-05-19T14:46:58.337745901,$SYS/broker/publish/messages/sent,2,578
2024-05-19T14:46:58.378568607,$SYS/broker/bytes/received,2,4524
2024-05-19T14:46:58.379463762,$SYS/broker/bytes/sent,2,27227
2024-05-19T14:46:58.379756325,$SYS/broker/publish/bytes/sent,2,2869
2024-05-19T14:47:09.302983429,$SYS/broker/uptime,2,297 seconds
2024-05-19T14:47:09.304914745,$SYS/broker/load/messages/received/1min,2,255.11
2024-05-19T14:47:09.305614344,$SYS/broker/load/messages/sent/1min,2,161.35
2024-05-19T14:47:09.306607841,$SYS/broker/load/publish/sent/1min,2,29.37
2024-05-19T14:47:09.306884681,$SYS/broker/load/bytes/received/1min,2,1021.30
2024-05-19T14:47:09.307241276,$SYS/broker/load/bytes/sent/1min,2,1474.74
2024-05-19T14:47:09.307894819,$SYS/broker/load/messages/received/5min,2,154.97
2024-05-19T14:47:09.308209265,$SYS/broker/load/messages/sent/5min,2,102.21
2024-05-19T14:47:09.308526174,$SYS/broker/load/publish/sent/5min,2,23.10
2024-05-19T14:47:09.308819091,$SYS/broker/load/bytes/received/5min,2,623.86
2024-05-19T14:47:09.309093080,$SYS/broker/load/bytes/sent/5min,2,1150.13
2024-05-19T14:47:09.309354155,$SYS/broker/load/messages/received/15min,2,67.39
2024-05-19T14:47:09.309616574,$SYS/broker/load/messages/sent/15min,2,45.08
2024-05-19T14:47:09.310331200,$SYS/broker/load/publish/sent/15min,2,10.76
2024-05-19T14:47:09.310638532,$SYS/broker/load/bytes/received/15min,2,271.82
2024-05-19T14:47:09.310975470,$SYS/broker/load/bytes/sent/15min,2,532.42
2024-05-19T14:47:09.311253817,$SYS/broker/heap/current,2,46776
2024-05-19T14:47:09.311635145,$SYS/broker/messages/received,2,1166
2024-05-19T14:47:09.311905481,$SYS/broker/messages/sent,2,1184
2024-05-19T14:47:09.312162640,$SYS/broker/publish/messages/sent,2,601
2024-05-19T14:47:09.351308201,$SYS/broker/bytes/received,2,4708
2024-05-19T14:47:09.352010733,$SYS/broker/bytes/sent,2,28325
2024-05-19T14:47:09.352314603,$SYS/broker/publish/bytes/sent,2,2997
2024-05-19T14:47:20.380824847,$SYS/broker/uptime,2,308 seconds
2024-05-19T14:47:20.381306693,$SYS/broker/load/messages/received/1min,2,254.41
2024-05-19T14:47:20.381576123,$SYS/broker/load/messages/sent/1min,2,160.82
2024-05-19T14:47:20.381930353,$SYS/broker/load/publish/sent/1min,2,29.02
2024-05-19T14:47:20.382144850,$SYS/broker/load/bytes/received/1min,2,1018.34
2024-05-19T14:47:20.382302351,$SYS/broker/load/bytes/sent/1min,2,1443.34
2024-05-19T14:47:20.382447642,$SYS/broker/load/messages/received/5min,2,158.42
2024-05-19T14:47:20.382636546,$SYS/broker/load/messages/sent/5min,2,104.22
2024-05-19T14:47:20.382845564,$SYS/broker/load/publish/sent/5min,2,23.25
2024-05-19T14:47:20.383111585,$SYS/broker/load/bytes/received/5min,2,637.54
2024-05-19T14:47:20.383294186,$SYS/broker/load/bytes/sent/5min,2,1155.06
2024-05-19T14:47:20.383407335,$SYS/broker/load/messages/received/15min,2,69.62
2024-05-19T14:47:20.383622052,$SYS/broker/load/messages/sent/15min,2,46.45
2024-05-19T14:47:20.383823256,$SYS/broker/load/publish/sent/15min,2,10.96
2024-05-19T14:47:20.384020439,$SYS/broker/load/bytes/received/15min,2,280.71
2024-05-19T14:47:20.384223199,$SYS/broker/load/bytes/sent/15min,2,541.59
2024-05-19T14:47:20.384379193,$SYS/broker/messages/received,2,1212
2024-05-19T14:47:20.384707015,$SYS/broker/messages/sent,2,1229
2024-05-19T14:47:20.385019874,$SYS/broker/publish/messages/sent,2,623
2024-05-19T14:47:20.385298929,$SYS/broker/bytes/received,2,4892
2024-05-19T14:47:20.427155912,$SYS/broker/bytes/sent,2,29424
2024-05-19T14:47:20.428097386,$SYS/broker/publish/bytes/sent,2,3124
2024-05-19T14:47:31.365462894,$SYS/broker/uptime,2,319 seconds
2024-05-19T14:47:31.366024722,$SYS/broker/load/messages/received/1min,2,251.99
2024-05-19T14:47:31.366369221,$SYS/broker/load/messages/sent/1min,2,159.46
2024-05-19T14:47:31.366623323,$SYS/broker/load/publish/sent/1min,2,28.73
2024-05-19T14:47:31.366864164,$SYS/broker/load/bytes/received/1min,2,1008.57
2024-05-19T14:47:31.367178709,$SYS/broker/load/bytes/sent/1min,2,1380.65
2024-05-19T14:47:31.367511372,$SYS/broker/load/messages/received/5min,2,161.36
2024-05-19T14:47:31.367838140,$SYS/broker/load/messages/sent/5min,2,105.97
2024-05-19T14:47:31.368195030,$SYS/broker/load/publish/sent/5min,2,23.40
2024-05-19T14:47:31.368369783,$SYS/broker/load/bytes/received/5min,2,649.15
2024-05-19T14:47:31.368528879,$SYS/broker/load/bytes/sent/5min,2,1151.97
2024-05-19T14:47:31.368749212,$SYS/broker/load/messages/received/15min,2,71.69
2024-05-19T14:47:31.368988736,$SYS/broker/load/messages/sent/15min,2,47.74
2024-05-19T14:47:31.369328579,$SYS/broker/load/publish/sent/15min,2,11.16
2024-05-19T14:47:31.369649158,$SYS/broker/load/bytes/received/15min,2,288.96
2024-05-19T14:47:31.370012191,$SYS/broker/load/bytes/sent/15min,2,548.00
2024-05-19T14:47:31.370265242,$SYS/broker/messages/received,2,1256
2024-05-19T14:47:31.370528357,$SYS/broker/messages/sent,2,1273
2024-05-19T14:47:31.371122356,$SYS/broker/publish/messages/sent,2,645
2024-05-19T14:47:31.371463874,$SYS/broker/bytes/received,2,5068
2024-05-19T14:47:31.410584468,$SYS/broker/bytes/sent,2,30483
2024-05-19T14:47:31.411413225,$SYS/broker/publish/bytes/sent,2,3247
2024-05-19T14:47:42.284849634,$SYS/broker/uptime,2,330 seconds
2024-05-19T14:47:42.285180313,$SYS/broker/load/messages/received/1min,2,249.98
2024-05-19T14:47:42.285365338,$SYS/broker/load/messages/sent/1min,2,158.34
2024-05-19T14:47:42.285587139,$SYS/broker/load/publish/sent/1min,2,28.48
2024-05-19T14:47:42.285766239,$SYS/broker/load/bytes/received/1min,2,1000.43
2024-05-19T14:47:42.287201500,$SYS/broker/load/bytes/sent/1min,2,1328.46
2024-05-19T14:47:42.287696382,$SYS/broker/load/messages/received/5min,2,164.19
2024-05-19T14:47:42.288348483,$SYS/broker/load/messages/sent/5min,2,107.65
2024-05-19T14:47:42.289048930,$SYS/broker/load/publish/sent/5min,2,23.54
2024-05-19T14:47:42.289346817,$SYS/broker/load/bytes/received/5min,2,660.34
2024-05-19T14:47:42.289591730,$SYS/broker/load/bytes/sent/5min,2,1148.98
2024-05-19T14:47:42.289772211,$SYS/broker/load/messages/received/15min,2,73.74
2024-05-19T14:47:42.292761400,$SYS/broker/load/messages/sent/15min,2,49.02
2024-05-19T14:47:42.293676550,$SYS/broker/load/publish/sent/15min,2,11.36
2024-05-19T14:47:42.294519599,$SYS/broker/load/bytes/received/15min,2,297.12
2024-05-19T14:47:42.295148360,$SYS/broker/load/bytes/sent/15min,2,554.33
2024-05-19T14:47:42.295739853,$SYS/broker/messages/received,2,1300
2024-05-19T14:47:42.296439669,$SYS/broker/messages/sent,2,1317
2024-05-19T14:47:42.297222431,$SYS/broker/publish/messages/sent,2,667
2024-05-19T14:47:42.298133886,$SYS/broker/bytes/received,2,5244
2024-05-19T14:47:42.330830368,$SYS/broker/bytes/sent,2,31542
2024-05-19T14:47:42.331553412,$SYS/broker/publish/bytes/sent,2,3370
